{
  "train": {
    "roc_auc": 1.0,
    "brier": 0.00013072212232852803,
    "accuracy": 1.0,
    "precision": 1.0,
    "recall": 1.0,
    "f1": 1.0,
    "n": 468,
    "pos_rate": 0.8183760683760684,
    "avg_prob": 0.818184664526662
  },
  "oos": {}
}